Player,PTS,AST,TRB,PerfScore,ClusterLabel,Salary_M,PerfPerM
Payton Pritchard,913.0,283.0,221.0,1417.0,Fair Value,7.23,196.0
Dyson Daniels,614.0,327.0,342.0,1283.0,Fair Value,7.71,166.4
Amen Thompson,917.0,281.0,394.0,1592.0,Fair Value,9.69,164.3
Anthony Black,852.0,212.0,214.0,1278.0,Fair Value,7.97,160.3
Kon Knueppel,1021.0,192.0,297.0,1510.0,Fair Value,10.02,150.7
Naji Marshall,798.0,158.0,261.0,1217.0,Fair Value,9.0,135.2
Stephon Castle,728.0,307.0,222.0,1257.0,Fair Value,9.56,131.5
Deni Avdija,1158.0,305.0,330.0,1793.0,Fair Value,14.38,124.7
Victor Wembanyama,976.0,110.0,443.0,1529.0,Fair Value,13.38,114.3
Cooper Flagg,999.0,202.0,321.0,1522.0,Fair Value,13.83,110.0
VJ Edgecombe,744.0,206.0,270.0,1220.0,Fair Value,11.11,109.8
Jabari Smith Jr.,791.0,96.0,367.0,1254.0,Fair Value,12.35,101.5
Donte DiVincenzo,716.0,234.0,251.0,1201.0,Fair Value,11.99,100.2
Chet Holmgren,855.0,80.0,426.0,1361.0,Fair Value,13.73,99.1
Wendell Carter Jr.,592.0,106.0,375.0,1073.0,Fair Value,10.85,98.9
Royce O'Neale,569.0,160.0,266.0,995.0,Fair Value,10.12,98.3
Nickeil Alexander-Walker,1084.0,200.0,195.0,1479.0,Fair Value,15.16,97.6
Paolo Banchero,916.0,206.0,362.0,1484.0,Fair Value,15.33,96.8
Alex Sarr,704.0,115.0,319.0,1138.0,Fair Value,11.81,96.4
Reed Sheppard,671.0,159.0,137.0,967.0,Fair Value,10.6,91.2
Brandon Miller,784.0,125.0,180.0,1089.0,Fair Value,11.97,91.0
Onyeka Okongwu,812.0,162.0,385.0,1359.0,Fair Value,15.0,90.6
Bobby Portis,671.0,83.0,335.0,1089.0,Fair Value,13.45,81.0
Davion Mitchell,416.0,324.0,113.0,853.0,Fair Value,11.6,73.5
Austin Reaves,712.0,168.0,141.0,1021.0,Fair Value,13.94,73.2
Jalen Johnson,1164.0,409.0,532.0,2105.0,Fair Value,30.0,70.2
Andrew Nembhard,749.0,321.0,127.0,1197.0,Fair Value,18.1,66.1
Trey Murphy III,1149.0,199.0,297.0,1645.0,Fair Value,25.0,65.8
Ivica Zubac,619.0,96.0,473.0,1188.0,Fair Value,18.1,65.6
Keldon Johnson,729.0,78.0,318.0,1125.0,Fair Value,17.5,64.3
Norman Powell,1034.0,116.0,164.0,1314.0,Fair Value,20.48,64.2
P.J. Washington,551.0,73.0,272.0,896.0,Fair Value,14.15,63.3
Julius Randle,1251.0,302.0,391.0,1944.0,Fair Value,30.86,63.0
Dillon Brooks,1039.0,88.0,180.0,1307.0,Fair Value,21.12,61.9
Naz Reid,793.0,139.0,359.0,1291.0,Fair Value,21.55,59.9
Miles Bridges,963.0,184.0,322.0,1469.0,Fair Value,25.0,58.8
DeMar DeRozan,1047.0,211.0,177.0,1435.0,Fair Value,24.57,58.4
Josh Hart,523.0,225.0,327.0,1075.0,Fair Value,19.47,55.2
Santi Aldama,602.0,126.0,287.0,1015.0,Fair Value,18.49,54.9
Tyrese Maxey,1503.0,351.0,214.0,2068.0,Fair Value,37.96,54.5
Shai Gilgeous-Alexander,1558.0,314.0,218.0,2090.0,Fair Value,38.33,54.5
Jarrett Allen,628.0,85.0,356.0,1069.0,Fair Value,20.0,53.4
Mikal Bridges,876.0,224.0,230.0,1330.0,Fair Value,24.9,53.4
Isaiah Stewart,479.0,55.0,247.0,781.0,Fair Value,15.0,52.1
Jalen Brunson,1351.0,305.0,166.0,1822.0,Fair Value,34.94,52.1
Derrick White,896.0,290.0,228.0,1414.0,Fair Value,28.1,50.3
Grayson Allen,596.0,140.0,106.0,842.0,Fair Value,16.88,49.9
Jaden McDaniels,809.0,155.0,231.0,1195.0,Fair Value,24.39,49.0
Josh Giddey,631.0,299.0,292.0,1222.0,Fair Value,25.0,48.9
Collin Sexton,649.0,163.0,91.0,903.0,Fair Value,18.98,47.6
Nic Claxton,626.0,198.0,365.0,1189.0,Fair Value,25.35,46.9
Scottie Barnes,1043.0,303.0,454.0,1800.0,Fair Value,38.66,46.6
Kyle Kuzma,645.0,127.0,249.0,1021.0,Fair Value,22.41,45.6
James Harden,1176.0,384.0,228.0,1788.0,Fair Value,39.18,45.6
Harrison Barnes,572.0,113.0,161.0,846.0,Fair Value,19.0,44.5
Kevin Huerter,496.0,119.0,176.0,791.0,Fair Value,17.99,44.0
Immanuel Quickley,885.0,315.0,227.0,1427.0,Fair Value,32.5,43.9
Brandon Ingram,1156.0,194.0,304.0,1654.0,Fair Value,38.1,43.4
Donovan Mitchell,1478.0,302.0,229.0,2009.0,Fair Value,46.39,43.3
CJ McCollum,957.0,182.0,174.0,1313.0,Fair Value,30.67,42.8
Terance Mann,347.0,157.0,150.0,654.0,Fair Value,15.5,42.2
Andrew Wiggins,797.0,138.0,250.0,1185.0,Fair Value,28.22,42.0
Cade Cunningham,1191.0,452.0,265.0,1908.0,Fair Value,46.39,41.1
Jamal Murray,1286.0,380.0,219.0,1885.0,Fair Value,46.39,40.6
Desmond Bane,1040.0,221.0,222.0,1483.0,Fair Value,36.73,40.4
Bam Adebayo,885.0,134.0,475.0,1494.0,Fair Value,37.1,40.3
Rui Hachimura,534.0,40.0,155.0,729.0,Fair Value,18.26,39.9
Myles Turner,636.0,81.0,285.0,1002.0,Fair Value,25.32,39.6
Anthony Edwards,1348.0,171.0,240.0,1759.0,Fair Value,45.55,38.6
Pascal Siakam,1211.0,201.0,343.0,1755.0,Fair Value,45.55,38.5
De'Andre Hunter,615.0,90.0,185.0,890.0,Fair Value,23.3,38.2
John Collins,706.0,47.0,260.0,1013.0,Fair Value,26.58,38.1
Michael Porter Jr.,1025.0,130.0,294.0,1449.0,Fair Value,38.33,37.8
Jaylen Brown,1435.0,229.0,336.0,2000.0,Fair Value,53.14,37.6
LaMelo Ball,867.0,332.0,216.0,1415.0,Fair Value,37.96,37.3
Anfernee Simons,761.0,133.0,132.0,1026.0,Fair Value,27.68,37.1
Jaren Jackson Jr.,931.0,94.0,272.0,1297.0,Fair Value,35.0,37.1
Rudy Gobert,593.0,90.0,602.0,1285.0,Fair Value,35.0,36.7
De'Aaron Fox,874.0,282.0,173.0,1329.0,Fair Value,37.1,35.8
Draymond Green,397.0,237.0,264.0,898.0,Fair Value,25.89,34.7
Karl-Anthony Towns,1010.0,148.0,607.0,1765.0,Fair Value,53.14,33.2
Kevin Durant,1291.0,222.0,267.0,1780.0,Fair Value,54.71,32.5
Duncan Robinson,625.0,95.0,137.0,857.0,Fair Value,26.72,32.1
Kentavious Caldwell-Pope,428.0,139.0,125.0,692.0,Fair Value,21.62,32.0
Zion Williamson,864.0,140.0,244.0,1248.0,Fair Value,39.45,31.6
Lauri Markkanen,1094.0,87.0,286.0,1467.0,Fair Value,46.39,31.6
Kawhi Leonard,1143.0,151.0,264.0,1558.0,Fair Value,50.0,31.2
Devin Vassell,578.0,95.0,158.0,831.0,Fair Value,27.0,30.8
Jerami Grant,750.0,95.0,141.0,986.0,Fair Value,32.0,30.8
RJ Barrett,575.0,111.0,162.0,848.0,Fair Value,27.71,30.6
Tobias Harris,497.0,86.0,181.0,764.0,Fair Value,26.63,28.7
Devin Booker,1083.0,270.0,171.0,1524.0,Fair Value,53.14,28.7
Evan Mobley,752.0,170.0,368.0,1290.0,Fair Value,46.39,27.8
Marcus Smart,433.0,127.0,131.0,691.0,Fair Value,26.72,25.9
OG Anunoby,679.0,97.0,225.0,1001.0,Fair Value,39.57,25.3
Isaiah Hartenstein,318.0,107.0,290.0,715.0,Fair Value,28.5,25.1
Giannis Antetokounmpo,839.0,168.0,301.0,1308.0,Fair Value,54.13,24.2
Deandre Ayton,609.0,41.0,389.0,1039.0,Fair Value,43.65,23.8
LeBron James,791.0,254.0,209.0,1254.0,Fair Value,52.63,23.8
Stephen Curry,1061.0,189.0,138.0,1388.0,Fair Value,59.61,23.3
Jrue Holiday,424.0,175.0,127.0,726.0,Fair Value,32.4,22.4
Jalen Suggs,464.0,182.0,132.0,778.0,Fair Value,35.0,22.2
Franz Wagner,596.0,101.0,161.0,858.0,Fair Value,38.66,22.2
Jimmy Butler,760.0,185.0,211.0,1156.0,Fair Value,54.13,21.4
Joel Embiid,825.0,121.0,232.0,1178.0,Fair Value,55.22,21.3
Zach LaVine,748.0,89.0,108.0,945.0,Fair Value,47.5,19.9
Khris Middleton,372.0,114.0,140.0,626.0,Fair Value,33.3,18.8
Darius Garland,467.0,180.0,63.0,710.0,Fair Value,39.45,18.0
Ja Morant,389.0,161.0,65.0,615.0,Fair Value,39.45,15.6
Domantas Sabonis,301.0,78.0,216.0,595.0,Fair Value,42.34,14.1
Paul George,431.0,100.0,139.0,670.0,Fair Value,51.67,13.0
Anthony Davis,407.0,56.0,221.0,684.0,Fair Value,54.13,12.6
Olivier-Maxence Prosper,185.0,19.0,83.0,287.0,Overpaid,1.0,286.7
Tyrese Proctor,191.0,53.0,41.0,285.0,Overpaid,1.27,224.2
GG Jackson II,296.0,40.0,119.0,455.0,Overpaid,2.22,204.9
Tyrese Martin,270.0,69.0,106.0,445.0,Overpaid,2.19,203.1
Gui Santos,252.0,65.0,129.0,446.0,Overpaid,2.22,200.8
Adem Bona,188.0,10.0,176.0,374.0,Overpaid,1.96,190.7
Johnny Furphy,180.0,41.0,153.0,374.0,Overpaid,1.96,190.7
Mac McClung,23.0,2.0,5.0,30.0,Overpaid,0.16,186.3
Jalen Pickett,212.0,99.0,102.0,413.0,Overpaid,2.22,186.0
Landry Shamet,287.0,46.0,57.0,390.0,Overpaid,2.3,169.5
Trendon Watford,199.0,85.0,110.0,394.0,Overpaid,2.46,160.1
Mohamed Diawara,123.0,24.0,53.0,200.0,Overpaid,1.27,157.4
Keon Ellis,259.0,33.0,68.0,360.0,Overpaid,2.3,156.5
Jaxson Hayes,310.0,43.0,175.0,528.0,Overpaid,3.45,153.0
Jaylen Clark,204.0,31.0,100.0,335.0,Overpaid,2.19,152.9
De'Anthony Melton,327.0,66.0,78.0,471.0,Overpaid,3.08,152.9
Thomas Bryant,204.0,25.0,112.0,341.0,Overpaid,2.3,148.2
Justin Edwards,194.0,44.0,63.0,301.0,Overpaid,2.05,146.8
Josh Minott,192.0,33.0,118.0,343.0,Overpaid,2.38,144.1
Trayce Jackson-Davis,160.0,34.0,125.0,319.0,Overpaid,2.22,143.6
Baylor Scheierman,187.0,50.0,137.0,374.0,Overpaid,2.62,142.7
Jericho Sims,143.0,32.0,166.0,341.0,Overpaid,2.46,138.6
Gary Trent Jr.,390.0,69.0,52.0,511.0,Overpaid,3.7,138.1
Will Riley,313.0,64.0,101.0,478.0,Overpaid,3.51,136.1
Kris Murray,207.0,42.0,136.0,385.0,Overpaid,3.13,123.0
Jalen Wilson,188.0,22.0,55.0,265.0,Overpaid,2.22,119.3
Drake Powell,261.0,65.0,71.0,397.0,Overpaid,3.37,117.8
Ja'Kobe Walter,280.0,45.0,98.0,423.0,Overpaid,3.64,116.2
Rayan Rupert,137.0,34.0,86.0,257.0,Overpaid,2.22,115.7
Aaron Holiday,200.0,34.0,30.0,264.0,Overpaid,2.3,114.7
Julian Strawther,202.0,31.0,66.0,299.0,Overpaid,2.67,111.9
Drew Eubanks,163.0,9.0,84.0,256.0,Overpaid,2.3,111.3
Ariel Hukporti,80.0,21.0,115.0,216.0,Overpaid,1.96,110.1
Jalen Williams,455.0,141.0,121.0,717.0,Overpaid,6.58,109.0
Cam Christie,130.0,22.0,60.0,212.0,Overpaid,1.96,108.1
Tari Eason,378.0,45.0,190.0,613.0,Overpaid,5.68,107.9
Monte Morris,18.0,9.0,7.0,34.0,Overpaid,0.32,105.9
Gradey Dick,360.0,37.0,120.0,517.0,Overpaid,4.99,103.6
Jared McCain,282.0,66.0,87.0,435.0,Overpaid,4.22,103.1
Kevin Love,202.0,50.0,171.0,423.0,Overpaid,4.15,101.9
Jase Richardson,198.0,46.0,52.0,296.0,Overpaid,2.98,99.3
Rasheer Fleming,77.0,7.0,40.0,124.0,Overpaid,1.27,97.6
Jamison Battle,120.0,15.0,55.0,190.0,Overpaid,1.96,96.9
Tony Bradley,151.0,20.0,107.0,278.0,Overpaid,2.94,94.5
Asa Newell,199.0,20.0,81.0,300.0,Overpaid,3.24,92.6
Cam Thomas,425.0,79.0,49.0,553.0,Overpaid,5.99,92.3
Al Horford,258.0,79.0,167.0,504.0,Overpaid,5.68,88.7
Simone Fontecchio,462.0,82.0,176.0,720.0,Overpaid,8.31,86.6
Tre Johnson,515.0,86.0,109.0,710.0,Overpaid,8.24,86.2
Paul Reed,240.0,48.0,161.0,449.0,Overpaid,5.34,84.1
Bennedict Mathurin,522.0,70.0,161.0,753.0,Overpaid,9.19,81.9
Ziaire Williams,370.0,31.0,99.0,500.0,Overpaid,6.25,80.0
Kam Jones,55.0,27.0,19.0,101.0,Overpaid,1.27,79.5
Kobe Brown,112.0,31.0,66.0,209.0,Overpaid,2.65,78.8
Ron Holland,398.0,70.0,213.0,681.0,Overpaid,8.66,78.6
Larry Nance Jr.,89.0,25.0,64.0,178.0,Overpaid,2.3,77.4
Kelly Oubre Jr.,445.0,51.0,151.0,647.0,Overpaid,8.38,77.2
Bilal Coulibaly,322.0,83.0,146.0,551.0,Overpaid,7.28,75.7
D'Angelo Russell,264.0,104.0,61.0,429.0,Overpaid,5.68,75.5
Cam Whitmore,193.0,15.0,58.0,266.0,Overpaid,3.54,75.1
Dean Wade,248.0,68.0,178.0,494.0,Overpaid,6.62,74.6
Dwight Powell,114.0,38.0,142.0,294.0,Overpaid,4.0,73.5
Ben Saraf,112.0,60.0,36.0,208.0,Overpaid,2.88,72.2
Liam McNeeley,115.0,23.0,60.0,198.0,Overpaid,2.76,71.7
Nick Smith Jr.,146.0,28.0,20.0,194.0,Overpaid,2.71,71.6
Nicolas Batum,224.0,42.0,134.0,400.0,Overpaid,5.6,71.4
Julian Phillips,105.0,7.0,44.0,156.0,Overpaid,2.22,70.2
Dalton Knecht,196.0,15.0,65.0,276.0,Overpaid,4.01,68.8
Chaz Lanier,62.0,13.0,19.0,94.0,Overpaid,1.37,68.6
Cody Williams,248.0,39.0,97.0,384.0,Overpaid,5.74,66.9
Jaylin Williams,259.0,104.0,201.0,564.0,Overpaid,8.45,66.7
Sam Merrill,421.0,70.0,71.0,562.0,Overpaid,8.48,66.3
Christian Braun,189.0,53.0,82.0,324.0,Overpaid,4.92,65.8
T.J. McConnell,383.0,192.0,88.0,663.0,Overpaid,10.2,65.0
Isaiah Jackson,248.0,31.0,212.0,491.0,Overpaid,7.6,64.6
Aaron Wiggins,433.0,75.0,142.0,650.0,Overpaid,10.1,64.4
Jae'Sean Tate,85.0,16.0,47.0,148.0,Overpaid,2.3,64.3
Duop Reath,94.0,10.0,38.0,142.0,Overpaid,2.22,63.9
Dylan Harper,468.0,158.0,145.0,771.0,Overpaid,12.37,62.3
Clint Capela,173.0,26.0,213.0,412.0,Overpaid,6.7,61.5
Goga Bitadze,246.0,49.0,212.0,507.0,Overpaid,8.33,60.9
Coby White,540.0,136.0,108.0,784.0,Overpaid,12.89,60.8
Kenrich Williams,251.0,56.0,126.0,433.0,Overpaid,7.16,60.5
Aaron Nesmith,434.0,68.0,152.0,654.0,Overpaid,11.0,59.4
Amir Coffey,87.0,14.0,33.0,134.0,Overpaid,2.3,58.2
Bronny James,63.0,35.0,15.0,113.0,Overpaid,1.96,57.6
Buddy Hield,354.0,66.0,108.0,528.0,Overpaid,9.22,57.3
Luke Kennard,404.0,107.0,111.0,622.0,Overpaid,11.0,56.5
Taylor Hendricks,199.0,29.0,117.0,345.0,Overpaid,6.13,56.3
Brook Lopez,320.0,46.0,124.0,490.0,Overpaid,8.75,56.0
Chris Paul,47.0,53.0,28.0,128.0,Overpaid,2.3,55.6
Isaiah Joe,495.0,66.0,118.0,679.0,Overpaid,12.36,54.9
Keshad Johnson,66.0,2.0,39.0,107.0,Overpaid,1.96,54.6
Isaac Okoro,408.0,71.0,122.0,601.0,Overpaid,11.0,54.6
Jaden Hardy,244.0,30.0,49.0,323.0,Overpaid,6.0,53.8
Terrence Shannon Jr.,100.0,14.0,28.0,142.0,Overpaid,2.67,53.2
Anthony Gill,66.0,9.0,47.0,122.0,Overpaid,2.3,53.0
Gary Harris,94.0,41.0,54.0,189.0,Overpaid,3.63,52.1
Jordan Hawkins,156.0,27.0,62.0,245.0,Overpaid,4.74,51.7
Drew Timme,63.0,15.0,23.0,101.0,Overpaid,1.96,51.5
Guerschon Yabusele,155.0,24.0,104.0,283.0,Overpaid,5.5,51.4
Carter Bryant,146.0,14.0,85.0,245.0,Overpaid,4.9,50.0
Ochai Agbaji,181.0,32.0,101.0,314.0,Overpaid,6.38,49.2
Tre Mann,243.0,73.0,78.0,394.0,Overpaid,8.0,49.2
Zaccharie Risacher,443.0,56.0,145.0,644.0,Overpaid,13.2,48.8
Marcus Sasser,92.0,33.0,15.0,140.0,Overpaid,2.89,48.4
Tyus Jones,153.0,129.0,55.0,337.0,Overpaid,7.0,48.1
Nick Richards,121.0,9.0,108.0,238.0,Overpaid,5.0,47.6
Zach Edey,150.0,12.0,122.0,284.0,Overpaid,6.04,47.0
Jaden Ivey,316.0,68.0,91.0,475.0,Overpaid,10.11,47.0
E.J. Liddell,22.0,0.0,11.0,33.0,Overpaid,0.71,46.4
Klay Thompson,567.0,67.0,119.0,753.0,Overpaid,16.67,45.2
Mitchell Robinson,195.0,38.0,346.0,579.0,Overpaid,12.95,44.7
Hunter Tyson,46.0,17.0,36.0,99.0,Overpaid,2.22,44.6
Jarred Vanderbilt,228.0,60.0,225.0,513.0,Overpaid,11.57,44.3
JD Davison,53.0,26.0,21.0,100.0,Overpaid,2.27,44.0
Lonzo Ball,160.0,136.0,140.0,436.0,Overpaid,10.0,43.6
John Konchar,105.0,48.0,107.0,260.0,Overpaid,6.16,42.2
Dalen Terry,118.0,44.0,65.0,227.0,Overpaid,5.4,42.0
Rob Dillingham,154.0,70.0,52.0,276.0,Overpaid,6.58,41.9
Devin Carter,122.0,38.0,44.0,204.0,Overpaid,4.92,41.5
Daniel Gafford,305.0,35.0,247.0,587.0,Overpaid,14.39,40.8
Jett Howard,156.0,27.0,42.0,225.0,Overpaid,5.53,40.7
AJ Johnson,70.0,23.0,32.0,125.0,Overpaid,3.09,40.4
Robert Williams,245.0,43.0,246.0,534.0,Overpaid,13.29,40.2
Jordan McLaughlin,54.0,19.0,18.0,91.0,Overpaid,2.3,39.5
Jonathan Mogbo,30.0,10.0,37.0,77.0,Overpaid,1.96,39.3
Malaki Branham,128.0,23.0,44.0,195.0,Overpaid,4.96,39.3
Malik Monk,533.0,110.0,87.0,730.0,Overpaid,18.8,38.8
Andre Jackson Jr.,38.0,24.0,24.0,86.0,Overpaid,2.22,38.7
Keegan Murray,277.0,29.0,116.0,422.0,Overpaid,11.14,37.9
Adou Thiero,25.0,5.0,18.0,48.0,Overpaid,1.27,37.8
Jordan Clarkson,465.0,67.0,89.0,621.0,Overpaid,16.58,37.5
Lindy Waters III,54.0,11.0,21.0,86.0,Overpaid,2.3,37.4
Mike Conley,195.0,126.0,78.0,399.0,Overpaid,10.77,37.0
Leonard Miller,49.0,5.0,28.0,82.0,Overpaid,2.22,36.9
Steven Adams,187.0,48.0,276.0,511.0,Overpaid,14.13,36.2
Nigel Hayes-Davis,34.0,7.0,33.0,74.0,Overpaid,2.05,36.1
Zeke Nnaji,164.0,21.0,108.0,293.0,Overpaid,8.18,35.8
Caleb Martin,158.0,72.0,113.0,343.0,Overpaid,9.59,35.8
Herbert Jones,293.0,87.0,118.0,498.0,Overpaid,13.94,35.7
Mason Plumlee,26.0,16.0,40.0,82.0,Overpaid,2.3,35.6
Ousmane Dieng,138.0,34.0,57.0,229.0,Overpaid,6.67,34.3
Corey Kispert,335.0,60.0,84.0,479.0,Overpaid,13.98,34.3
Joan Beringer,82.0,7.0,54.0,143.0,Overpaid,4.2,34.0
Moritz Wagner,120.0,7.0,42.0,169.0,Overpaid,5.0,33.8
Kyle Anderson,169.0,64.0,79.0,312.0,Overpaid,9.22,33.8
Luguentz Dort,390.0,55.0,171.0,616.0,Overpaid,18.22,33.8
Yang Hansen,74.0,21.0,54.0,149.0,Overpaid,4.42,33.7
Caris LeVert,279.0,102.0,65.0,446.0,Overpaid,14.1,31.6
Patrick Williams,353.0,66.0,150.0,569.0,Overpaid,18.0,31.6
Jeremy Sochan,114.0,28.0,73.0,215.0,Overpaid,7.1,30.3
Derrick Jones Jr.,219.0,27.0,56.0,302.0,Overpaid,10.0,30.2
DaRon Holmes,58.0,15.0,24.0,97.0,Overpaid,3.22,30.1
Walker Kessler,72.0,15.0,54.0,141.0,Overpaid,4.88,28.9
Cole Anthony,234.0,121.0,87.0,442.0,Overpaid,15.4,28.7
Aaron Gordon,406.0,58.0,142.0,606.0,Overpaid,22.84,26.5
Cameron Johnson,356.0,69.0,112.0,537.0,Overpaid,21.06,25.5
Jevon Carter,124.0,19.0,27.0,170.0,Overpaid,6.81,25.0
James Wiseman,13.0,3.0,8.0,24.0,Overpaid,1.0,24.0
Doug McDermott,44.0,3.0,8.0,55.0,Overpaid,2.3,23.9
Xavier Tillman Sr.,31.0,5.0,25.0,61.0,Overpaid,2.55,23.9
Johni Broome,10.0,4.0,16.0,30.0,Overpaid,1.27,23.6
Jeff Green,41.0,3.0,10.0,54.0,Overpaid,2.3,23.5
Alex Caruso,234.0,75.0,98.0,407.0,Overpaid,18.1,22.5
Jakob Poeltl,213.0,45.0,168.0,426.0,Overpaid,19.5,21.8
Kevon Looney,52.0,25.0,96.0,173.0,Overpaid,8.0,21.6
Taurean Prince,49.0,8.0,13.0,70.0,Overpaid,3.3,21.2
Scotty Pippen Jr.,32.0,13.0,3.0,48.0,Overpaid,2.27,21.1
Blake Wesley,73.0,39.0,25.0,137.0,Overpaid,7.02,19.5
Bobi Klintman,17.0,4.0,17.0,38.0,Overpaid,1.96,19.4
Ty Jerome,118.0,36.0,13.0,167.0,Overpaid,8.78,19.0
Chris Boucher,21.0,3.0,18.0,42.0,Overpaid,2.3,18.3
Gabe Vincent,140.0,41.0,28.0,209.0,Overpaid,11.5,18.2
Jonathan Kuminga,242.0,50.0,117.0,409.0,Overpaid,22.5,18.2
Josh Green,143.0,31.0,60.0,234.0,Overpaid,13.67,17.1
Jordan Poole,406.0,86.0,51.0,543.0,Overpaid,31.85,17.0
Eric Gordon,33.0,3.0,2.0,38.0,Overpaid,2.3,16.5
Jonathan Isaac,121.0,17.0,110.0,248.0,Overpaid,15.0,16.5
Thanasis Antetokounmpo,22.0,2.0,13.0,37.0,Overpaid,2.3,16.1
Dereck Lively II,30.0,13.0,37.0,80.0,Overpaid,5.25,15.2
Kelly Olynyk,105.0,36.0,56.0,197.0,Overpaid,13.45,14.6
Joe Ingles,10.0,15.0,7.0,32.0,Overpaid,2.3,13.9
Maxi Kleber,66.0,20.0,56.0,142.0,Overpaid,11.0,12.9
Pacome Dadiet,13.0,9.0,14.0,36.0,Overpaid,2.85,12.6
Grant Williams,90.0,22.0,56.0,168.0,Overpaid,13.65,12.3
Pat Connaughton,63.0,14.0,30.0,107.0,Overpaid,9.42,11.4
Kyle Lowry,12.0,8.0,4.0,24.0,Overpaid,2.3,10.4
Bismack Biyombo,9.0,3.0,12.0,24.0,Overpaid,2.3,10.4
Tyler Herro,241.0,30.0,52.0,323.0,Overpaid,31.0,10.4
Khaman Maluach,31.0,3.0,26.0,60.0,Overpaid,6.02,10.0
Dorian Finney-Smith,58.0,15.0,47.0,120.0,Overpaid,12.7,9.4
Zach Collins,97.0,15.0,56.0,168.0,Overpaid,18.08,9.3
DeAndre Jordan,9.0,0.0,10.0,19.0,Overpaid,2.27,8.4
Scoot Henderson,56.0,22.0,12.0,90.0,Overpaid,10.75,8.4
Trae Young,193.0,89.0,15.0,297.0,Overpaid,46.0,6.5
Kobe Bufkin,19.0,3.0,7.0,29.0,Overpaid,4.5,6.4
Dillon Jones,7.0,3.0,5.0,15.0,Overpaid,2.75,5.5
Garrett Temple,4.0,4.0,4.0,12.0,Overpaid,2.3,5.2
N'Faly Dante,3.0,0.0,7.0,10.0,Overpaid,2.05,4.9
Obi Toppin,42.0,5.0,20.0,67.0,Overpaid,14.0,4.8
Isaac Jones,5.0,1.0,2.0,8.0,Overpaid,1.96,4.1
Jalen Green,78.0,16.0,15.0,109.0,Overpaid,33.58,3.2
Matisse Thybulle,20.0,3.0,4.0,27.0,Overpaid,11.55,2.3
Brandon Clarke,8.0,1.0,6.0,15.0,Overpaid,12.5,1.2
Bradley Beal,49.0,10.0,5.0,64.0,Overpaid,59.02,1.1
Noa Essengue,0.0,0.0,0.0,0.0,Overpaid,5.43,0.0
Garrison Mathews,78.0,10.0,17.0,105.0,Underpaid,0.13,801.5
Maxime Raynaud,472.0,49.0,318.0,839.0,Underpaid,1.27,660.1
Russell Westbrook,796.0,342.0,296.0,1434.0,Underpaid,2.3,623.2
Toumani Camara,734.0,144.0,300.0,1178.0,Underpaid,2.22,530.4
Collin Gillespie,718.0,253.0,225.0,1196.0,Underpaid,2.3,519.8
Jaylen Wells,629.0,86.0,178.0,893.0,Underpaid,1.96,455.4
Tim Hardaway Jr.,763.0,71.0,142.0,976.0,Underpaid,2.3,424.2
Neemias Queta,497.0,77.0,422.0,996.0,Underpaid,2.35,423.6
Will Richard,323.0,67.0,121.0,511.0,Underpaid,1.27,402.0
Cam Spencer,592.0,287.0,136.0,1015.0,Underpaid,2.54,399.4
Sandro Mamukelashvili,604.0,103.0,268.0,975.0,Underpaid,2.46,396.2
Jamal Shead,375.0,297.0,104.0,776.0,Underpaid,1.96,395.7
Brandon Williams,582.0,169.0,133.0,884.0,Underpaid,2.27,389.3
Pelle Larsson,461.0,148.0,150.0,759.0,Underpaid,1.96,387.0
Keyonte George,1141.0,313.0,187.0,1641.0,Underpaid,4.28,383.3
Isaiah Collier,499.0,356.0,125.0,980.0,Underpaid,2.64,371.1
Kyshawn George,650.0,207.0,234.0,1091.0,Underpaid,2.97,367.2
Quinten Post,422.0,75.0,209.0,706.0,Underpaid,1.96,360.0
Jordan Goodwin,455.0,119.0,246.0,820.0,Underpaid,2.35,348.8
Ryan Rollins,860.0,278.0,235.0,1373.0,Underpaid,4.0,343.2
Kyle Filipowski,534.0,112.0,366.0,1012.0,Underpaid,3.0,337.2
Jaime Jaquez Jr.,777.0,241.0,277.0,1295.0,Underpaid,3.86,335.4
Brice Sensabaugh,665.0,81.0,156.0,902.0,Underpaid,2.69,335.2
Oso Ighodaro,305.0,99.0,250.0,654.0,Underpaid,1.96,333.5
Julian Champagnie,601.0,77.0,318.0,996.0,Underpaid,3.0,331.9
Bruce Brown,413.0,116.0,221.0,750.0,Underpaid,2.3,325.9
A.J. Green,522.0,99.0,128.0,749.0,Underpaid,2.3,325.5
Jay Huff,476.0,71.0,210.0,757.0,Underpaid,2.35,322.0
Precious Achiuwa,343.0,55.0,261.0,659.0,Underpaid,2.11,312.2
Marvin Bagley III,417.0,60.0,240.0,717.0,Underpaid,2.3,311.6
Justin Champagnie,389.0,55.0,288.0,732.0,Underpaid,2.35,311.4
Jaylon Tyson,693.0,115.0,270.0,1078.0,Underpaid,3.49,308.8
Ajay Mitchell,606.0,157.0,149.0,912.0,Underpaid,3.0,303.9
Brandin Podziemski,661.0,194.0,252.0,1107.0,Underpaid,3.69,299.9
Noah Penda,184.0,44.0,141.0,369.0,Underpaid,1.27,290.3
Vit Krejci,473.0,80.0,108.0,661.0,Underpaid,2.35,281.2
Ryan Kalkbrenner,354.0,28.0,257.0,639.0,Underpaid,2.3,277.7
Micah Peavy,200.0,47.0,92.0,339.0,Underpaid,1.27,266.7
Dru Smith,338.0,152.0,143.0,633.0,Underpaid,2.38,265.9
Sion James,309.0,107.0,189.0,605.0,Underpaid,2.3,262.9
Noah Clowney,610.0,84.0,200.0,894.0,Underpaid,3.4,262.9
Vince Williams Jr.,292.0,161.0,149.0,602.0,Underpaid,2.3,261.6
Derik Queen,672.0,228.0,397.0,1297.0,Underpaid,5.16,251.3
Craig Porter Jr.,228.0,155.0,168.0,551.0,Underpaid,2.22,248.1
Kel'el Ware,589.0,29.0,480.0,1098.0,Underpaid,4.44,247.2
Peyton Watson,731.0,96.0,240.0,1067.0,Underpaid,4.36,244.7
Javonte Green,371.0,39.0,145.0,555.0,Underpaid,2.3,241.2
Bones Hyland,343.0,123.0,79.0,545.0,Underpaid,2.3,236.9
Luka Garza,349.0,46.0,188.0,583.0,Underpaid,2.46,236.9
Jordan Walsh,271.0,41.0,208.0,520.0,Underpaid,2.22,234.1
Mouhamed Gueye,262.0,52.0,196.0,510.0,Underpaid,2.22,229.6
Matas Buzelis,834.0,114.0,296.0,1244.0,Underpaid,5.46,227.8
Gary Payton II,263.0,78.0,156.0,497.0,Underpaid,2.3,216.0
Tyler Kolek,234.0,141.0,89.0,464.0,Underpaid,2.19,211.8
Ryan Dunn,289.0,74.0,196.0,559.0,Underpaid,2.66,210.1
Danny Wolf,327.0,77.0,184.0,588.0,Underpaid,2.8,209.9
Bub Carrington,538.0,242.0,187.0,967.0,Underpaid,4.68,206.6
Jalen Duren,777.0,77.0,458.0,1312.0,Underpaid,6.48,202.4
Josh Okogie,272.0,46.0,146.0,464.0,Underpaid,2.3,201.7
Saddiq Bey,811.0,121.0,287.0,1219.0,Underpaid,6.12,199.2
Nique Clifford,342.0,86.0,162.0,590.0,Underpaid,3.11,189.6
Cedric Coward,639.0,140.0,299.0,1078.0,Underpaid,5.72,188.4
Donovan Clingan,604.0,107.0,597.0,1308.0,Underpaid,7.18,182.1
Ben Sheppard,284.0,80.0,137.0,501.0,Underpaid,2.79,179.5
Yves Missi,263.0,57.0,265.0,585.0,Underpaid,3.35,174.6
Mark Williams,606.0,54.0,404.0,1064.0,Underpaid,6.28,169.4
Kevin Porter Jr.,485.0,213.0,146.0,844.0,Underpaid,5.13,164.5
Svi Mykhailiuk,406.0,85.0,113.0,604.0,Underpaid,3.68,164.1
Tristan Da Silva,411.0,57.0,156.0,624.0,Underpaid,3.81,163.7
Shaedon Sharpe,1025.0,126.0,212.0,1363.0,Underpaid,8.4,162.2
Jeremiah Fears,741.0,171.0,206.0,1118.0,Underpaid,7.52,148.7
Miles McBride,451.0,97.0,91.0,639.0,Underpaid,4.33,147.5
Walter Clayton,325.0,154.0,95.0,574.0,Underpaid,3.99,143.8
Day'Ron Sharpe,434.0,116.0,344.0,894.0,Underpaid,6.25,143.0
Kris Dunn,431.0,185.0,156.0,772.0,Underpaid,5.43,142.1
Jose Alvarado,366.0,139.0,120.0,625.0,Underpaid,4.5,138.9
Jake LaRavia,511.0,104.0,218.0,833.0,Underpaid,6.0,138.8
Jarace Walker,568.0,107.0,241.0,916.0,Underpaid,6.67,137.3
Ayo Dosunmu,721.0,172.0,139.0,1032.0,Underpaid,7.52,137.2
Andre Drummond,276.0,34.0,344.0,654.0,Underpaid,5.0,130.8
Max Christie,663.0,114.0,170.0,947.0,Underpaid,7.71,122.8
Cason Wallace,428.0,119.0,162.0,709.0,Underpaid,5.82,121.8
Quentin Grimes,609.0,174.0,180.0,963.0,Underpaid,8.74,110.2
Ausar Thompson,501.0,132.0,293.0,926.0,Underpaid,8.78,105.5
Collin Murray-Boyles,339.0,89.0,214.0,642.0,Underpaid,6.33,101.4
Tre Jones,470.0,222.0,113.0,805.0,Underpaid,8.0,100.6
Ace Bailey,573.0,84.0,189.0,846.0,Underpaid,9.07,93.3
Jock Landale,561.0,81.0,312.0,954.0,Underpaid,10.3,92.6
Jalen Smith,437.0,54.0,298.0,789.0,Underpaid,9.0,87.7
Moses Moody,611.0,78.0,174.0,863.0,Underpaid,11.57,74.6
Sam Hauser,463.0,71.0,192.0,726.0,Underpaid,10.04,72.3
Luke Kornet,323.0,86.0,293.0,702.0,Underpaid,11.0,63.8
